{
	"rotation" : 
	{
		"w" : 0.78615772724151611,
		"x" : -0.24230405688285828,
		"y" : 0.50885277986526489,
		"z" : 0.25360116362571716
	},
	"translation" : 
	{
		"m00" : 1.689698338508606,
		"m10" : 1.6838583946228027,
		"m20" : -0.11950082331895828
	}
}
