{
	"rotation" : 
	{
		"w" : 0.38650065660476685,
		"x" : -0.1675197035074234,
		"y" : 0.86898040771484375,
		"z" : 0.25966793298721313
	},
	"translation" : 
	{
		"m00" : 1.5821728706359863,
		"m10" : 1.6734908819198608,
		"m20" : -2.1868095397949219
	}
}
