{
	"rotation" : 
	{
		"w" : -0.19752460718154907,
		"x" : 0.048168733716011047,
		"y" : 0.95717769861221313,
		"z" : 0.20609371364116669
	},
	"translation" : 
	{
		"m00" : -0.88267427682876587,
		"m10" : 1.2895034551620483,
		"m20" : -2.9392609596252441
	}
}
