{
	"rotation" : 
	{
		"w" : 0.68398606777191162,
		"x" : -0.36087116599082947,
		"y" : 0.5581125020980835,
		"z" : 0.3007415235042572
	},
	"translation" : 
	{
		"m00" : 1.7830554246902466,
		"m10" : 1.4915487766265869,
		"m20" : 0.77853304147720337
	}
}
