{
	"rotation" : 
	{
		"w" : 0.9318159818649292,
		"x" : -0.31475618481636047,
		"y" : -0.18015009164810181,
		"z" : 0.01390986330807209
	},
	"translation" : 
	{
		"m00" : -0.7611890435218811,
		"m10" : 1.7877891063690186,
		"m20" : 2.1522433757781982
	}
}
