{
	"rotation" : 
	{
		"w" : 0.65861839056015015,
		"x" : -0.31858915090560913,
		"y" : -0.64008539915084839,
		"z" : -0.23454934358596802
	},
	"translation" : 
	{
		"m00" : -2.1776940822601318,
		"m10" : 1.5363438129425049,
		"m20" : 0.045929845422506332
	}
}
