{
	"rotation" : 
	{
		"w" : 0.10321909934282303,
		"x" : 0.013219466432929039,
		"y" : 0.81414008140563965,
		"z" : 0.57126784324645996
	},
	"translation" : 
	{
		"m00" : 0.074616119265556335,
		"m10" : 1.6929806470870972,
		"m20" : -1.485878586769104
	}
}
