{
	"rotation" : 
	{
		"w" : 0.7705720067024231,
		"x" : -0.48409751057624817,
		"y" : 0.37192502617835999,
		"z" : 0.18313990533351898
	},
	"translation" : 
	{
		"m00" : 1.1508843898773193,
		"m10" : 1.5901521444320679,
		"m20" : 0.67241406440734863
	}
}
