{
	"rotation" : 
	{
		"w" : 0.94723087549209595,
		"x" : -0.27387723326683044,
		"y" : -0.16071067750453949,
		"z" : -0.043783653527498245
	},
	"translation" : 
	{
		"m00" : -1.1750262975692749,
		"m10" : 1.638325572013855,
		"m20" : 2.4428386688232422
	}
}
