{
	"rotation" : 
	{
		"w" : 0.90745019912719727,
		"x" : -0.2714502215385437,
		"y" : 0.27811363339424133,
		"z" : 0.15969237685203552
	},
	"translation" : 
	{
		"m00" : 1.2832044363021851,
		"m10" : 1.5614035129547119,
		"m20" : 1.590875506401062
	}
}
