{
	"rotation" : 
	{
		"w" : -0.0073399036191403866,
		"x" : 0.014080796390771866,
		"y" : 0.96423190832138062,
		"z" : 0.26458391547203064
	},
	"translation" : 
	{
		"m00" : 0.65793055295944214,
		"m10" : 1.4788132905960083,
		"m20" : -2.6308069229125977
	}
}
