{
	"rotation" : 
	{
		"w" : 0.60488402843475342,
		"x" : -0.13959665596485138,
		"y" : 0.75672614574432373,
		"z" : 0.2049233466386795
	},
	"translation" : 
	{
		"m00" : 3.0442507266998291,
		"m10" : 1.5005339384078979,
		"m20" : -0.5692901611328125
	}
}
