{
	"rotation" : 
	{
		"w" : 0.6642758846282959,
		"x" : -0.33316025137901306,
		"y" : -0.63262158632278442,
		"z" : -0.21801769733428955
	},
	"translation" : 
	{
		"m00" : -2.1622366905212402,
		"m10" : 1.5313655138015747,
		"m20" : 0.078270092606544495
	}
}
