{
	"rotation" : 
	{
		"w" : 0.57161176204681396,
		"x" : -0.16152471303939819,
		"y" : 0.77288281917572021,
		"z" : 0.22320762276649475
	},
	"translation" : 
	{
		"m00" : 2.8775455951690674,
		"m10" : 1.1585806608200073,
		"m20" : -0.42084783315658569
	}
}
