{
	"rotation" : 
	{
		"w" : 0.80074882507324219,
		"x" : -0.25799593329429626,
		"y" : -0.50219237804412842,
		"z" : -0.20010547339916229
	},
	"translation" : 
	{
		"m00" : -2.2511513233184814,
		"m10" : 1.7261217832565308,
		"m20" : 0.91091376543045044
	}
}
