{
	"rotation" : 
	{
		"w" : 0.16141952574253082,
		"x" : -0.026462921872735023,
		"y" : 0.97147256135940552,
		"z" : 0.17171065509319305
	},
	"translation" : 
	{
		"m00" : 1.0899859666824341,
		"m10" : 1.5163282155990601,
		"m20" : -3.0322234630584717
	}
}
