{
	"rotation" : 
	{
		"w" : 0.76967698335647583,
		"x" : -0.48168757557868958,
		"y" : 0.37354311347007751,
		"z" : 0.18984168767929077
	},
	"translation" : 
	{
		"m00" : 1.1659791469573975,
		"m10" : 1.5931090116500854,
		"m20" : 0.66717237234115601
	}
}
