{
	"rotation" : 
	{
		"w" : 0.95711618661880493,
		"x" : -0.28899133205413818,
		"y" : 0.0065423403866589069,
		"z" : -0.0192306749522686
	},
	"translation" : 
	{
		"m00" : -0.40274837613105774,
		"m10" : 1.6211991310119629,
		"m20" : 2.981675386428833
	}
}
