{
	"rotation" : 
	{
		"w" : 0.83657693862915039,
		"x" : -0.33979928493499756,
		"y" : -0.40215599536895752,
		"z" : -0.15147963166236877
	},
	"translation" : 
	{
		"m00" : -1.6364636421203613,
		"m10" : 1.5957611799240112,
		"m20" : 1.35517418384552
	}
}
