{
	"rotation" : 
	{
		"w" : 0.7966846227645874,
		"x" : -0.56429910659790039,
		"y" : -0.1891762912273407,
		"z" : -0.10522519052028656
	},
	"translation" : 
	{
		"m00" : -0.23679368197917938,
		"m10" : 1.724522590637207,
		"m20" : 1.3358796834945679
	}
}
