{
	"rotation" : 
	{
		"w" : 0.9487919807434082,
		"x" : -0.22349804639816284,
		"y" : 0.21270120143890381,
		"z" : 0.067827314138412476
	},
	"translation" : 
	{
		"m00" : 0.91965961456298828,
		"m10" : 1.0329593420028687,
		"m20" : 2.9676206111907959
	}
}
