{
	"rotation" : 
	{
		"w" : 0.72279024124145508,
		"x" : -0.45555201172828674,
		"y" : 0.39404729008674622,
		"z" : 0.33878228068351746
	},
	"translation" : 
	{
		"m00" : 1.7512005567550659,
		"m10" : 1.7596381902694702,
		"m20" : 0.92098766565322876
	}
}
