{
	"rotation" : 
	{
		"w" : 0.64917099475860596,
		"x" : -0.18943740427494049,
		"y" : 0.70809376239776611,
		"z" : 0.20320864021778107
	},
	"translation" : 
	{
		"m00" : 2.6956841945648193,
		"m10" : 1.6230759620666504,
		"m20" : 0.19778548181056976
	}
}
