{
	"rotation" : 
	{
		"w" : 0.81967508792877197,
		"x" : -0.56448709964752197,
		"y" : 0.029769718647003174,
		"z" : 0.092740744352340698
	},
	"translation" : 
	{
		"m00" : 0.13049145042896271,
		"m10" : 1.5018197298049927,
		"m20" : 1.506511926651001
	}
}
