{
	"rotation" : 
	{
		"w" : -0.091449342668056488,
		"x" : 0.10243431478738785,
		"y" : 0.9443085789680481,
		"z" : 0.2990410327911377
	},
	"translation" : 
	{
		"m00" : -0.6019904613494873,
		"m10" : 1.4987603425979614,
		"m20" : -1.9729217290878296
	}
}
