{
	"rotation" : 
	{
		"w" : 0.58311164379119873,
		"x" : -0.31510865688323975,
		"y" : -0.62808775901794434,
		"z" : -0.40766778588294983
	},
	"translation" : 
	{
		"m00" : -1.2932950258255005,
		"m10" : 1.2892743349075317,
		"m20" : 0.088360585272312164
	}
}
