{
	"rotation" : 
	{
		"w" : 0.77447599172592163,
		"x" : -0.29648536443710327,
		"y" : -0.53857433795928955,
		"z" : -0.14906717836856842
	},
	"translation" : 
	{
		"m00" : -1.3838573694229126,
		"m10" : 1.4377540349960327,
		"m20" : 1.3294467926025391
	}
}
