{
	"rotation" : 
	{
		"w" : 0.80154639482498169,
		"x" : -0.2976631224155426,
		"y" : -0.48167571425437927,
		"z" : -0.19211597740650177
	},
	"translation" : 
	{
		"m00" : -1.8818247318267822,
		"m10" : 1.515470027923584,
		"m20" : 1.2199926376342773
	}
}
