{
	"rotation" : 
	{
		"w" : 0.57697045803070068,
		"x" : -0.11012046784162521,
		"y" : 0.78487145900726318,
		"z" : 0.19737131893634796
	},
	"translation" : 
	{
		"m00" : 3.2240011692047119,
		"m10" : 1.274019718170166,
		"m20" : 0.32370689511299133
	}
}
