{
	"rotation" : 
	{
		"w" : 0.95247876644134521,
		"x" : -0.27582135796546936,
		"y" : -0.12441141903400421,
		"z" : -0.035050369799137115
	},
	"translation" : 
	{
		"m00" : -0.75208789110183716,
		"m10" : 1.6734129190444946,
		"m20" : 2.8315632343292236
	}
}
