{
	"rotation" : 
	{
		"w" : -0.466281,
		"x" : 0.216839,
		"y" : 0.81106400000000001,
		"z" : 0.27881600000000001
	},
	"translation" : 
	{
		"m00" : -1.5011399999999999,
		"m10" : 2.34633,
		"m20" : -1.32196
	}
}
