{
	"rotation" : 
	{
		"w" : 0.39099180698394775,
		"x" : -0.17404045164585114,
		"y" : 0.86805504560470581,
		"z" : 0.25162622332572937
	},
	"translation" : 
	{
		"m00" : 1.7048979997634888,
		"m10" : 1.6510478258132935,
		"m20" : -2.2917270660400391
	}
}
