{
	"rotation" : 
	{
		"w" : -0.32557937502861023,
		"x" : 0.078687585890293121,
		"y" : 0.88908332586288452,
		"z" : 0.31198903918266296
	},
	"translation" : 
	{
		"m00" : -1.0423191785812378,
		"m10" : 1.6051888465881348,
		"m20" : -1.7873142957687378
	}
}
