{
	"rotation" : 
	{
		"w" : 0.64602649211883545,
		"x" : -0.43162959814071655,
		"y" : 0.50326603651046753,
		"z" : 0.37824445962905884
	},
	"translation" : 
	{
		"m00" : 1.1760786771774292,
		"m10" : 1.6516127586364746,
		"m20" : -0.32095316052436829
	}
}
