{
	"rotation" : 
	{
		"w" : 0.94801574945449829,
		"x" : -0.20555542409420013,
		"y" : -0.24278071522712708,
		"z" : -0.0084014199674129486
	},
	"translation" : 
	{
		"m00" : -1.5601024627685547,
		"m10" : 1.521028995513916,
		"m20" : 1.957271933555603
	}
}
