{
	"rotation" : 
	{
		"w" : 0.59702783823013306,
		"x" : -0.22129757702350616,
		"y" : -0.70766812562942505,
		"z" : -0.30625295639038086
	},
	"translation" : 
	{
		"m00" : -2.1897037029266357,
		"m10" : 1.4647588729858398,
		"m20" : 0.15730234980583191
	}
}
