{
	"rotation" : 
	{
		"w" : 0.79205918312072754,
		"x" : -0.21399173140525818,
		"y" : -0.55403417348861694,
		"z" : -0.14105264842510223
	},
	"translation" : 
	{
		"m00" : -2.8832898139953613,
		"m10" : 1.4023231267929077,
		"m20" : 0.63776803016662598
	}
}
