{
	"rotation" : 
	{
		"w" : 0.96495193243026733,
		"x" : -0.25769597291946411,
		"y" : -0.038480985909700394,
		"z" : -0.031301833689212799
	},
	"translation" : 
	{
		"m00" : -0.2185816764831543,
		"m10" : 1.6240273714065552,
		"m20" : 2.2944443225860596
	}
}
