{
	"rotation" : 
	{
		"w" : 0.36575299999999999,
		"x" : -0.17590700000000001,
		"y" : 0.84392999999999996,
		"z" : 0.350804
	},
	"translation" : 
	{
		"m00" : 2.1451699999999998,
		"m10" : 2.3253699999999999,
		"m20" : -2.31338
	}
}
