{
	"rotation" : 
	{
		"w" : 0.85013312101364136,
		"x" : -0.23460105061531067,
		"y" : -0.45704790949821472,
		"z" : -0.1155126690864563
	},
	"translation" : 
	{
		"m00" : -2.5100846290588379,
		"m10" : 0.98343926668167114,
		"m20" : 1.2981762886047363
	}
}
