{
	"rotation" : 
	{
		"w" : 0.86739802360534668,
		"x" : -0.25433793663978577,
		"y" : 0.38468083739280701,
		"z" : 0.18695878982543945
	},
	"translation" : 
	{
		"m00" : 1.7572563886642456,
		"m10" : 1.127668023109436,
		"m20" : 1.2491724491119385
	}
}
