{
	"rotation" : 
	{
		"w" : 0.070626735687255859,
		"x" : 6.940085586393252e-05,
		"y" : 0.96958339214324951,
		"z" : 0.23434996604919434
	},
	"translation" : 
	{
		"m00" : 0.91408318281173706,
		"m10" : 1.3225430250167847,
		"m20" : -2.9530887603759766
	}
}
