{
	"rotation" : 
	{
		"w" : 0.40143004059791565,
		"x" : -0.034335140138864517,
		"y" : 0.88382172584533691,
		"z" : 0.23776926100254059
	},
	"translation" : 
	{
		"m00" : 2.2443192005157471,
		"m10" : 1.4385548830032349,
		"m20" : -2.1779839992523193
	}
}
