{
	"rotation" : 
	{
		"w" : 0.6296355128288269,
		"x" : -0.25436973571777344,
		"y" : -0.69641268253326416,
		"z" : -0.23208735883235931
	},
	"translation" : 
	{
		"m00" : -1.9091100692749023,
		"m10" : 1.6649473905563354,
		"m20" : -0.61103719472885132
	}
}
