{
	"rotation" : 
	{
		"w" : 0.55851733684539795,
		"x" : -0.16452895104885101,
		"y" : -0.78164422512054443,
		"z" : -0.22365343570709229
	},
	"translation" : 
	{
		"m00" : -2.492112398147583,
		"m10" : 1.528316855430603,
		"m20" : -1.2512205839157104
	}
}
