{
	"rotation" : 
	{
		"w" : -0.27683359384536743,
		"x" : 0.151368647813797,
		"y" : 0.88541340827941895,
		"z" : 0.34131181240081787
	},
	"translation" : 
	{
		"m00" : -1.1451395750045776,
		"m10" : 1.4521530866622925,
		"m20" : -1.5485098361968994
	}
}
