{
	"rotation" : 
	{
		"w" : 0.45164710283279419,
		"x" : -0.23859898746013641,
		"y" : 0.72010636329650879,
		"z" : 0.46960863471031189
	},
	"translation" : 
	{
		"m00" : 1.5319710969924927,
		"m10" : 1.4103567600250244,
		"m20" : -0.19234879314899445
	}
}
