{
	"rotation" : 
	{
		"w" : -0.25674772262573242,
		"x" : 0.21633560955524445,
		"y" : 0.83446592092514038,
		"z" : 0.43697381019592285
	},
	"translation" : 
	{
		"m00" : -0.53024578094482422,
		"m10" : 1.3545264005661011,
		"m20" : -0.96774280071258545
	}
}
