{
	"rotation" : 
	{
		"w" : 0.76789242029190063,
		"x" : -0.25293588638305664,
		"y" : 0.5336424708366394,
		"z" : 0.2481740266084671
	},
	"translation" : 
	{
		"m00" : 2.2427165508270264,
		"m10" : 1.3870404958724976,
		"m20" : 0.26623281836509705
	}
}
