{
	"rotation" : 
	{
		"w" : 0.95223474502563477,
		"x" : -0.28873589634895325,
		"y" : -0.088661573827266693,
		"z" : -0.044941186904907227
	},
	"translation" : 
	{
		"m00" : -0.56870794296264648,
		"m10" : 1.5809309482574463,
		"m20" : 2.5983126163482666
	}
}
