{
	"rotation" : 
	{
		"w" : -0.15409007668495178,
		"x" : 0.037155374884605408,
		"y" : 0.95541346073150635,
		"z" : 0.2491200864315033
	},
	"translation" : 
	{
		"m00" : -0.35727271437644958,
		"m10" : 1.4167788028717041,
		"m20" : -2.6582121849060059
	}
}
