{
	"rotation" : 
	{
		"w" : 0.53236967325210571,
		"x" : -0.12147360295057297,
		"y" : 0.80969405174255371,
		"z" : 0.21499359607696533
	},
	"translation" : 
	{
		"m00" : 2.8893840312957764,
		"m10" : 1.3217250108718872,
		"m20" : -0.76154637336730957
	}
}
