{
	"rotation" : 
	{
		"w" : 0.52619081735610962,
		"x" : -0.2899509072303772,
		"y" : 0.66409182548522949,
		"z" : 0.44500994682312012
	},
	"translation" : 
	{
		"m00" : 1.1542525291442871,
		"m10" : 1.5992825031280518,
		"m20" : -0.2451598197221756
	}
}
