{
	"rotation" : 
	{
		"w" : 0.7814365029335022,
		"x" : -0.23879599571228027,
		"y" : 0.51346457004547119,
		"z" : 0.26208317279815674
	},
	"translation" : 
	{
		"m00" : 1.6504820585250854,
		"m10" : 1.6736280918121338,
		"m20" : -0.11945033073425293
	}
}
