{
	"rotation" : 
	{
		"w" : -0.47959965467453003,
		"x" : 0.18744160234928131,
		"y" : 0.8187597393989563,
		"z" : 0.25393354892730713
	},
	"translation" : 
	{
		"m00" : -1.834136962890625,
		"m10" : 1.6422803401947021,
		"m20" : -0.98444348573684692
	}
}
