{
	"rotation" : 
	{
		"w" : -0.43632182478904724,
		"x" : 0.12707521021366119,
		"y" : 0.86003249883651733,
		"z" : 0.23198971152305603
	},
	"translation" : 
	{
		"m00" : -2.2882285118103027,
		"m10" : 1.6327483654022217,
		"m20" : -1.8323391675949097
	}
}
