{
	"rotation" : 
	{
		"w" : 0.89774978160858154,
		"x" : -0.24110867083072662,
		"y" : -0.36256310343742371,
		"z" : -0.066782921552658081
	},
	"translation" : 
	{
		"m00" : -1.0112321376800537,
		"m10" : 1.4433740377426147,
		"m20" : 1.6217260360717773
	}
}
