{
	"rotation" : 
	{
		"w" : 0.10393866151571274,
		"x" : 0.013250211253762245,
		"y" : 0.81296950578689575,
		"z" : 0.57280164957046509
	},
	"translation" : 
	{
		"m00" : 0.13743734359741211,
		"m10" : 1.6926354169845581,
		"m20" : -1.5349997282028198
	}
}
