{
	"rotation" : 
	{
		"w" : -0.26561707258224487,
		"x" : 0.14714221656322479,
		"y" : 0.92890381813049316,
		"z" : 0.21197737753391266
	},
	"translation" : 
	{
		"m00" : -1.0783401727676392,
		"m10" : 1.0942217111587524,
		"m20" : -2.3414533138275146
	}
}
