{
	"rotation" : 
	{
		"w" : 0.77800065279006958,
		"x" : -0.56153768301010132,
		"y" : -0.26324161887168884,
		"z" : -0.10046987235546112
	},
	"translation" : 
	{
		"m00" : -0.76967918872833252,
		"m10" : 1.6223171949386597,
		"m20" : 1.3506122827529907
	}
}
