{
	"rotation" : 
	{
		"w" : 0.73098045587539673,
		"x" : -0.41857466101646423,
		"y" : 0.46359822154045105,
		"z" : 0.27484449744224548
	},
	"translation" : 
	{
		"m00" : 0.84829610586166382,
		"m10" : 1.6727238893508911,
		"m20" : 0.32459601759910583
	}
}
