{
	"rotation" : 
	{
		"w" : 0.89681357145309448,
		"x" : -0.35884514451026917,
		"y" : -0.25849321484565735,
		"z" : 0.011694550514221191
	},
	"translation" : 
	{
		"m00" : -0.96172493696212769,
		"m10" : 1.1740747690200806,
		"m20" : 2.5276963710784912
	}
}
