{
	"rotation" : 
	{
		"w" : -0.1561654806137085,
		"x" : 0.056184828281402588,
		"y" : 0.96726208925247192,
		"z" : 0.19198867678642273
	},
	"translation" : 
	{
		"m00" : -0.49758404493331909,
		"m10" : 1.3512694835662842,
		"m20" : -2.7329928874969482
	}
}
