{
	"rotation" : 
	{
		"w" : 0.47345003485679626,
		"x" : -0.25738787651062012,
		"y" : 0.67053419351577759,
		"z" : 0.50988268852233887
	},
	"translation" : 
	{
		"m00" : 1.1861859560012817,
		"m10" : 1.914435863494873,
		"m20" : -0.54662024974822998
	}
}
