{
	"rotation" : 
	{
		"w" : -0.28865677118301392,
		"x" : 0.24494723975658417,
		"y" : 0.77256679534912109,
		"z" : 0.50972408056259155
	},
	"translation" : 
	{
		"m00" : -0.9543185830116272,
		"m10" : 1.8720486164093018,
		"m20" : -1.4860677719116211
	}
}
