{
	"rotation" : 
	{
		"w" : 0.70003515481948853,
		"x" : -0.1856825202703476,
		"y" : 0.66318434476852417,
		"z" : 0.18883681297302246
	},
	"translation" : 
	{
		"m00" : 2.8476812839508057,
		"m10" : 1.3419903516769409,
		"m20" : 0.52862435579299927
	}
}
