{
	"rotation" : 
	{
		"w" : -0.011143227107822895,
		"x" : 0.073482580482959747,
		"y" : 0.96934771537780762,
		"z" : 0.23418168723583221
	},
	"translation" : 
	{
		"m00" : 0.28711849451065063,
		"m10" : 1.1745957136154175,
		"m20" : -2.502885103225708
	}
}
