{
	"rotation" : 
	{
		"w" : -0.28879678249359131,
		"x" : 0.24471399188041687,
		"y" : 0.77243083715438843,
		"z" : 0.50996279716491699
	},
	"translation" : 
	{
		"m00" : -0.95476585626602173,
		"m10" : 1.8723926544189453,
		"m20" : -1.4850265979766846
	}
}
