{
	"rotation" : 
	{
		"w" : 0.6732184886932373,
		"x" : -0.17340195178985596,
		"y" : -0.68258816003799438,
		"z" : -0.22534899413585663
	},
	"translation" : 
	{
		"m00" : -2.6164300441741943,
		"m10" : 1.6781425476074219,
		"m20" : -0.46568116545677185
	}
}
