{
	"rotation" : 
	{
		"w" : 0.75267171859741211,
		"x" : -0.29105004668235779,
		"y" : -0.57571297883987427,
		"z" : -0.13164255023002625
	},
	"translation" : 
	{
		"m00" : -1.6011300086975098,
		"m10" : 1.6587973833084106,
		"m20" : 0.99971133470535278
	}
}
