{
	"rotation" : 
	{
		"w" : 0.71092516183853149,
		"x" : -0.47362843155860901,
		"y" : 0.42768746614456177,
		"z" : 0.29554179310798645
	},
	"translation" : 
	{
		"m00" : 1.4606364965438843,
		"m10" : 1.683271050453186,
		"m20" : 0.46965387463569641
	}
}
