{
	"rotation" : 
	{
		"w" : 0.90019398927688599,
		"x" : -0.21691001951694489,
		"y" : -0.36768034100532532,
		"z" : -0.086092844605445862
	},
	"translation" : 
	{
		"m00" : -2.0015039443969727,
		"m10" : 1.719447135925293,
		"m20" : 1.3704524040222168
	}
}
