{
	"rotation" : 
	{
		"w" : 0.63322919607162476,
		"x" : -0.50165051221847534,
		"y" : -0.52255010604858398,
		"z" : -0.27259644865989685
	},
	"translation" : 
	{
		"m00" : -1.7367956638336182,
		"m10" : 1.4892505407333374,
		"m20" : -0.233242467045784
	}
}
