{
	"rotation" : 
	{
		"w" : 0.70063686370849609,
		"x" : -0.16131289303302765,
		"y" : -0.67710590362548828,
		"z" : -0.15688735246658325
	},
	"translation" : 
	{
		"m00" : -2.5939068794250488,
		"m10" : 1.6452623605728149,
		"m20" : -0.048131842166185379
	}
}
