{
	"rotation" : 
	{
		"w" : -0.21697565913200378,
		"x" : 0.072817400097846985,
		"y" : 0.94461721181869507,
		"z" : 0.23519675433635712
	},
	"translation" : 
	{
		"m00" : -1.4315422773361206,
		"m10" : 1.4444042444229126,
		"m20" : -3.1019315719604492
	}
}
