{
	"rotation" : 
	{
		"w" : 0.0042664827778935432,
		"x" : 0.080982610583305359,
		"y" : 0.82159072160720825,
		"z" : 0.56428033113479614
	},
	"translation" : 
	{
		"m00" : -0.10289734601974487,
		"m10" : 1.2483309507369995,
		"m20" : -1.514985203742981
	}
}
