{
	"rotation" : 
	{
		"w" : 0.73045229911804199,
		"x" : -0.28416672348976135,
		"y" : -0.60483109951019287,
		"z" : -0.14095412194728851
	},
	"translation" : 
	{
		"m00" : -1.8841559886932373,
		"m10" : 1.6152865886688232,
		"m20" : 0.5475456714630127
	}
}
