{
	"rotation" : 
	{
		"w" : 0.029721340164542198,
		"x" : 0.0017273547127842903,
		"y" : 0.96388429403305054,
		"z" : 0.26465204358100891
	},
	"translation" : 
	{
		"m00" : 0.64093250036239624,
		"m10" : 1.4511395692825317,
		"m20" : -2.8898437023162842
	}
}
