{
	"rotation" : 
	{
		"w" : 0.23298715054988861,
		"x" : -0.089158415794372559,
		"y" : 0.78486895561218262,
		"z" : 0.56722879409790039
	},
	"translation" : 
	{
		"m00" : 0.69970792531967163,
		"m10" : 1.6817219257354736,
		"m20" : -0.86517417430877686
	}
}
