{
	"rotation" : 
	{
		"w" : -0.049606055021286011,
		"x" : -0.022268865257501602,
		"y" : 0.97090494632720947,
		"z" : 0.23321007192134857
	},
	"translation" : 
	{
		"m00" : 0.37697997689247131,
		"m10" : 1.2313908338546753,
		"m20" : -2.6609096527099609
	}
}
