{
	"rotation" : 
	{
		"w" : 0.91432000000000002,
		"x" : -0.38422000000000001,
		"y" : -0.127197,
		"z" : -0.014629700000000001
	},
	"translation" : 
	{
		"m00" : -0.89976599999999995,
		"m10" : 2.3664499999999999,
		"m20" : 1.8591899999999999
	}
}
