{
	"rotation" : 
	{
		"w" : 0.82290977239608765,
		"x" : -0.56619632244110107,
		"y" : 0.020111657679080963,
		"z" : 0.04285706952214241
	},
	"translation" : 
	{
		"m00" : 0.65032190084457397,
		"m10" : 1.7494139671325684,
		"m20" : 1.0543493032455444
	}
}
