{
	"rotation" : 
	{
		"w" : 0.95323485136032104,
		"x" : -0.29916292428970337,
		"y" : -0.01650618202984333,
		"z" : -0.039652902632951736
	},
	"translation" : 
	{
		"m00" : -0.15142792463302612,
		"m10" : 1.6001094579696655,
		"m20" : 1.910520076751709
	}
}
