{
	"rotation" : 
	{
		"w" : 0.85943889617919922,
		"x" : -0.21570339798927307,
		"y" : -0.45669066905975342,
		"z" : -0.079186365008354187
	},
	"translation" : 
	{
		"m00" : -1.7614263296127319,
		"m10" : 1.5312041044235229,
		"m20" : 1.0284856557846069
	}
}
