{
	"rotation" : 
	{
		"w" : 0.88188064098358154,
		"x" : -0.30546051263809204,
		"y" : 0.34718668460845947,
		"z" : 0.091879546642303467
	},
	"translation" : 
	{
		"m00" : 1.5422202348709106,
		"m10" : 1.6525043249130249,
		"m20" : 1.8867201805114746
	}
}
