{
	"rotation" : 
	{
		"w" : 0.94067603349685669,
		"x" : -0.23468814790248871,
		"y" : 0.22250422835350037,
		"z" : 0.10267408192157745
	},
	"translation" : 
	{
		"m00" : 0.39052662253379822,
		"m10" : 1.2199033498764038,
		"m20" : 2.3956544399261475
	}
}
