{
	"rotation" : 
	{
		"w" : 0.94528359174728394,
		"x" : -0.23116733133792877,
		"y" : -0.21599589288234711,
		"z" : -0.079663656651973724
	},
	"translation" : 
	{
		"m00" : -1.6533286571502686,
		"m10" : 1.5772708654403687,
		"m20" : 2.0741674900054932
	}
}
