{
	"rotation" : 
	{
		"w" : -0.82066717805212519,
		"x" : 0.57121646403345705,
		"y" : -0.0046517671387118313,
		"z" : -0.014001247678821469
	},
	"translation" : 
	{
		"m00" : 0.27929386459970834,
		"m10" : 2.3128649320870536,
		"m20" : 0.44343814456237962
	}
}
