{
	"rotation" : 
	{
		"w" : 0.4208369255065918,
		"x" : -0.13255180418491364,
		"y" : 0.81608450412750244,
		"z" : 0.37327247858047485
	},
	"translation" : 
	{
		"m00" : 1.8367230892181396,
		"m10" : 1.2548933029174805,
		"m20" : -1.2547554969787598
	}
}
