{
	"rotation" : 
	{
		"w" : 0.96332323551177979,
		"x" : -0.26363572478294373,
		"y" : 0.044863086193799973,
		"z" : -0.022178243845701218
	},
	"translation" : 
	{
		"m00" : 0.67013555765151978,
		"m10" : 1.4629852771759033,
		"m20" : 2.5793323516845703
	}
}
