{
	"rotation" : 
	{
		"w" : 0.54784858226776123,
		"x" : -0.17171722650527954,
		"y" : -0.79813724756240845,
		"z" : -0.18262501060962677
	},
	"translation" : 
	{
		"m00" : -2.6323616504669189,
		"m10" : 1.4010457992553711,
		"m20" : -1.3964594602584839
	}
}
