{
	"rotation" : 
	{
		"w" : 0.87789368629455566,
		"x" : -0.47830501198768616,
		"y" : 0.021726192906498909,
		"z" : -0.0074113938026130199
	},
	"translation" : 
	{
		"m00" : 0.049702178686857224,
		"m10" : 1.3251680135726929,
		"m20" : 1.8352075815200806
	}
}
