{
	"rotation" : 
	{
		"w" : 0.808419,
		"x" : -0.34918700000000003,
		"y" : 0.42940299999999998,
		"z" : 0.200348
	},
	"translation" : 
	{
		"m00" : 2.0779299999999998,
		"m10" : 2.3631899999999999,
		"m20" : 1.75281
	}
}
