{
	"rotation" : 
	{
		"w" : 0.65481960773468018,
		"x" : -0.18639159202575684,
		"y" : 0.70314896106719971,
		"z" : 0.20506316423416138
	},
	"translation" : 
	{
		"m00" : 2.7416746616363525,
		"m10" : 1.6022111177444458,
		"m20" : 0.19349069893360138
	}
}
