{
	"rotation" : 
	{
		"w" : 0.94801574945449829,
		"x" : -0.20555543899536133,
		"y" : -0.24278075993061066,
		"z" : -0.0084014274179935455
	},
	"translation" : 
	{
		"m00" : -1.5601029396057129,
		"m10" : 1.521028995513916,
		"m20" : 1.9572718143463135
	}
}
