{
	"rotation" : 
	{
		"w" : 0.93492937088012695,
		"x" : -0.3277495801448822,
		"y" : -0.11275513470172882,
		"z" : -0.075983762741088867
	},
	"translation" : 
	{
		"m00" : -0.19143728911876678,
		"m10" : 1.5100499391555786,
		"m20" : 2.9054868221282959
	}
}
