{
	"rotation" : 
	{
		"w" : -0.060645755380392075,
		"x" : 0.10301797837018967,
		"y" : 0.93464487791061401,
		"z" : 0.33488559722900391
	},
	"translation" : 
	{
		"m00" : -0.55476868152618408,
		"m10" : 1.4018117189407349,
		"m20" : -1.2967578172683716
	}
}
