{
	"rotation" : 
	{
		"w" : 0.37276932597160339,
		"x" : -0.14490813016891479,
		"y" : 0.87428343296051025,
		"z" : 0.27508750557899475
	},
	"translation" : 
	{
		"m00" : 0.80795431137084961,
		"m10" : 1.4521334171295166,
		"m20" : -1.6393517255783081
	}
}
