{
	"rotation" : 
	{
		"w" : 0.26672002673149109,
		"x" : -0.09711841493844986,
		"y" : 0.89814800024032593,
		"z" : 0.33579543232917786
	},
	"translation" : 
	{
		"m00" : 2.0003221035003662,
		"m10" : 1.3535648584365845,
		"m20" : -1.8785382509231567
	}
}
