{
	"rotation" : 
	{
		"w" : 0.66174739599227905,
		"x" : -0.36887899041175842,
		"y" : 0.50974440574645996,
		"z" : 0.40765091776847839
	},
	"translation" : 
	{
		"m00" : 1.1887286901473999,
		"m10" : 1.6580600738525391,
		"m20" : 0.34374341368675232
	}
}
