{
	"rotation" : 
	{
		"w" : 0.73403072357177734,
		"x" : -0.46968930959701538,
		"y" : 0.36926931142807007,
		"z" : 0.32284840941429138
	},
	"translation" : 
	{
		"m00" : 1.4705425500869751,
		"m10" : 1.7484709024429321,
		"m20" : 0.70710396766662598
	}
}
