{
	"rotation" : 
	{
		"w" : 0.89934277534484863,
		"x" : -0.29053929448127747,
		"y" : -0.29763251543045044,
		"z" : -0.13484954833984375
	},
	"translation" : 
	{
		"m00" : -1.6864633560180664,
		"m10" : 1.5282481908798218,
		"m20" : 1.1680721044540405
	}
}
