{
	"rotation" : 
	{
		"w" : 0.79199385643005371,
		"x" : -0.21508532762527466,
		"y" : -0.5538451075553894,
		"z" : -0.14049766957759857
	},
	"translation" : 
	{
		"m00" : -2.9351487159729004,
		"m10" : 1.3987382650375366,
		"m20" : 0.6876227855682373
	}
}
