{
	"rotation" : 
	{
		"w" : 0.62320200000000003,
		"x" : -0.31968800000000003,
		"y" : 0.63569600000000004,
		"z" : 0.324515
	},
	"translation" : 
	{
		"m00" : 0.76676299999999997,
		"m10" : 2.3082799999999999,
		"m20" : -0.87413700000000005
	}
}
