{
	"rotation" : 
	{
		"w" : 0.070626832544803619,
		"x" : 6.9397014158312231e-05,
		"y" : 0.96958339214324951,
		"z" : 0.23434995114803314
	},
	"translation" : 
	{
		"m00" : 0.91408330202102661,
		"m10" : 1.3225430250167847,
		"m20" : -2.9530889987945557
	}
}
