{
	"rotation" : 
	{
		"w" : 0.90316307544708252,
		"x" : -0.2793336808681488,
		"y" : 0.28246855735778809,
		"z" : 0.16272908449172974
	},
	"translation" : 
	{
		"m00" : 1.2176946401596069,
		"m10" : 1.5912481546401978,
		"m20" : 1.6006755828857422
	}
}
