{
	"rotation" : 
	{
		"w" : -0.0042069489136338234,
		"x" : -0.03005758672952652,
		"y" : 0.94799959659576416,
		"z" : 0.31682100892066956
	},
	"translation" : 
	{
		"m00" : -0.49767997860908508,
		"m10" : 1.4683425426483154,
		"m20" : -2.8526113033294678
	}
}
