{
	"rotation" : 
	{
		"w" : 0.95443874597549438,
		"x" : -0.28200489282608032,
		"y" : 0.097468219697475433,
		"z" : -0.0044581610709428787
	},
	"translation" : 
	{
		"m00" : -0.077037766575813293,
		"m10" : 1.5872296094894409,
		"m20" : 2.3890311717987061
	}
}
