{
	"rotation" : 
	{
		"w" : 0.90851211547851562,
		"x" : -0.26148435473442078,
		"y" : 0.31169849634170532,
		"z" : 0.095266714692115784
	},
	"translation" : 
	{
		"m00" : 1.2062162160873413,
		"m10" : 1.8280155658721924,
		"m20" : 2.5794200897216797
	}
}
