{
	"rotation" : 
	{
		"w" : 0.94476228952407837,
		"x" : -0.21594013273715973,
		"y" : -0.22942176461219788,
		"z" : -0.090331174433231354
	},
	"translation" : 
	{
		"m00" : -1.7508958578109741,
		"m10" : 1.5252069234848022,
		"m20" : 2.0541610717773438
	}
}
